date,actual_sales,predicted_sales,is_forecast
2013-01-01,2511.618999,346122.83209094,False
2013-01-02,496092.417944,346469.1583569266,False
2013-01-03,361461.231124,346815.48462291324,False
2013-01-04,354459.6770927,347161.81088889984,False
2013-01-05,477350.121229,347508.1371548865,False
2013-01-06,519695.401088,347854.4634208731,False
2013-01-07,336122.801066,348200.78968685976,False
2013-01-08,318347.777981,348547.11595284636,False
2013-01-09,302530.809018,348893.442218833,False
2013-01-10,258982.003049,349239.7684848196,False
2013-01-11,289737.6850845,349586.0947508062,False
2013-01-12,403258.2120105,349932.4210167929,False
2013-01-13,464638.547998,350278.7472827795,False
2013-01-14,293348.362078,350625.07354876614,False
2013-01-15,299129.549954,350971.39981475275,False
2013-01-16,318347.913946,351317.7260807394,False
2013-01-17,267498.5159755,351664.052346726,False
2013-01-18,296130.850028,352010.37861271267,False
2013-01-19,432459.852021,352356.70487869927,False
2013-01-20,461092.386047,352703.03114468587,False
2013-01-21,311211.26595000003,353049.3574106725,False
2013-01-22,296214.728983,353395.68367665913,False
2013-01-23,283258.4530325,353742.0099426458,False
2013-01-24,247245.690995,354088.3362086324,False
2013-01-25,290022.77193,354434.66247461905,False
2013-01-26,413799.7679753,354780.98874060565,False
2013-01-27,430411.991233,355127.3150065923,False
2013-01-28,285460.169953,355473.6412725789,False
2013-01-29,264488.81807649997,355819.9675385655,False
2013-01-30,281061.127052,356166.2938045522,False
2013-01-31,271254.217996,356512.6200705388,False
2013-02-01,369402.055266,356858.94633652543,False
2013-02-02,518887.462705,357205.27260251204,False
2013-02-03,486336.82018,357551.5988684987,False
2013-02-04,344308.715017,357897.9251344853,False
2013-02-05,321245.83913,358244.2514004719,False
2013-02-06,321538.177149,358590.57766645856,False
2013-02-07,290807.530973,358936.90393244516,False
2013-02-08,347441.789912,359283.2301984318,False
2013-02-09,416176.2790747,359629.5564644184,False
2013-02-10,300951.328993,359975.8827304051,False
2013-02-11,278627.588926,360322.2089963917,False
2013-02-12,308800.7909121,360668.53526237834,False
2013-02-13,319597.929962,361014.86152836494,False
2013-02-14,308164.016957,361361.18779435154,False
2013-02-15,320168.883912,361707.5140603382,False
2013-02-16,485660.494008,362053.8403263248,False
2013-02-17,399588.910014,362400.16659231146,False
2013-02-18,350745.573191,362746.49285829806,False
2013-02-19,293637.801951,363092.8191242847,False
2013-02-20,313803.162034,363439.1453902713,False
2013-02-21,267711.1090155,363785.471656258,False
2013-02-22,285679.869131,364131.7979222446,False
2013-02-23,412897.349113,364478.1241882312,False
2013-02-24,452726.126103,364824.45045421785,False
2013-02-25,307110.875933,365170.77672020445,False
2013-02-26,270425.0070675,365517.1029861911,False
2013-02-27,288401.998919,365863.4292521777,False
2013-02-28,278116.291888,366209.75551816437,False
2013-03-01,378898.165064,366556.08178415097,False
2013-03-02,547857.205258,366902.40805013763,False
2013-03-03,559820.580027,367248.73431612423,False
2013-03-04,383647.679097,367595.06058211083,False
2013-03-05,332189.993189,367941.3868480975,False
2013-03-06,335726.580968,368287.7131140841,False
2013-03-07,293099.52701,368634.03938007075,False
2013-03-08,316600.679967,368980.36564605735,False
2013-03-09,453259.496866,369326.691912044,False
2013-03-10,461859.756153,369673.0181780306,False
2013-03-11,318379.133021,370019.3444440173,False
2013-03-12,271823.37801,370365.6707100039,False
2013-03-13,287869.663972,370711.9969759905,False
2013-03-14,247541.420096,371058.32324197714,False
2013-03-15,315878.090213,371404.64950796374,False
2013-03-16,482233.433961,371750.9757739504,False
2013-03-17,513439.584913,372097.302039937,False
2013-03-18,330283.80303,372443.62830592366,False
2013-03-19,294020.245897,372789.95457191026,False
2013-03-20,321207.006946,373136.28083789686,False
2013-03-21,269130.127953,373482.6071038835,False
2013-03-22,304100.453969,373828.9333698701,False
2013-03-23,453192.003086,374175.2596358568,False
2013-03-24,449794.636951,374521.5859018434,False
2013-03-25,317559.6099585,374867.91216783004,False
2013-03-26,275818.2359,375214.23843381664,False
2013-03-27,313691.148998,375560.5646998033,False
2013-03-28,339293.269022,375906.8909657899,False
2013-03-29,345513.132,376253.21723177657,False
2013-03-30,452661.356036,376599.54349776317,False
2013-03-31,462107.639956,376945.86976374977,False
2013-04-01,428816.447912,377292.1960297364,False
2013-04-02,377732.827961,377638.522295723,False
2013-04-03,373731.0758793,377984.8485617097,False
2013-04-04,308738.385963,378331.1748276963,False
2013-04-05,336394.782031,378677.50109368295,False
2013-04-06,509424.214023,379023.82735966955,False
2013-04-07,519048.376884,379370.15362565615,False
2013-04-08,346649.815943,379716.4798916428,False
2013-04-09,306335.8019617,380062.8061576294,False
2013-04-10,312846.374941,380409.1324236161,False
2013-04-11,303223.41301,380755.4586896027,False
2013-04-12,314394.967035,381101.78495558933,False
2013-04-13,453442.497048,381448.11122157593,False
2013-04-14,478417.148813,381794.4374875626,False
2013-04-15,338712.458055,382140.7637535492,False
2013-04-16,333431.880049,382487.09001953586,False
2013-04-17,334990.518942,382833.41628552246,False
2013-04-18,281924.509951,383179.74255150906,False
2013-04-19,311588.70494,383526.0688174957,False
2013-04-20,459884.838043,383872.3950834823,False
2013-04-21,485721.032087,384218.721349469,False
2013-04-22,328886.320986,384565.0476154556,False
2013-04-23,302097.8329435,384911.37388144224,False
2013-04-24,310555.184925,385257.70014742884,False
2013-04-25,268790.618996,385604.02641341544,False
2013-04-26,304413.556952,385950.3526794021,False
2013-04-27,446665.337895,386296.6789453887,False
2013-04-28,477623.4729303,386643.00521137536,False
2013-04-29,328795.874018,386989.33147736196,False
2013-04-30,310186.466894,387335.6577433486,False
2013-05-01,507974.636889,387681.9840093352,False
2013-05-02,348709.460063,388028.3102753218,False
2013-05-03,374291.2510323,388374.6365413085,False
2013-05-04,520339.51596499997,388720.9628072951,False
2013-05-05,580268.550981,389067.28907328175,False
2013-05-06,369869.383046,389413.61533926835,False
2013-05-07,317292.964148,389759.941605255,False
2013-05-08,332477.410968,390106.2678712416,False
2013-05-09,305868.0570225,390452.59413722827,False
2013-05-10,335937.441949,390798.92040321487,False
2013-05-11,512090.58108,391145.24666920153,False
2013-05-12,387860.5050145,391491.57293518813,False
2013-05-13,350598.06187,391837.89920117473,False
2013-05-14,308469.313119,392184.2254671614,False
2013-05-15,329113.560081,392530.551733148,False
2013-05-16,307556.946937,392876.87799913465,False
2013-05-17,330004.241998,393223.20426512125,False
2013-05-18,480969.558942,393569.5305311079,False
2013-05-19,518153.554009,393915.8567970945,False
2013-05-20,341787.214991,394262.1830630811,False
2013-05-21,307178.399952,394608.5093290678,False
2013-05-22,301785.4831075,394954.8355950544,False
2013-05-23,289261.058026,395301.16186104104,False
2013-05-24,398389.241982,395647.48812702764,False
2013-05-25,417930.141993,395993.8143930143,False
2013-05-26,450631.400068,396340.1406590009,False
2013-05-27,321630.8309235,396686.46692498756,False
2013-05-28,307329.1680565,397032.79319097416,False
2013-05-29,309333.380899,397379.1194569608,False
2013-05-30,304344.849939,397725.4457229474,False
2013-05-31,330257.841975,398071.771988934,False
2013-06-01,566901.814988,398418.0982549207,False
2013-06-02,637698.494958,398764.4245209073,False
2013-06-03,426332.097995,399110.75078689394,False
2013-06-04,369705.160085,399457.07705288054,False
2013-06-05,361791.080915,399803.4033188672,False
2013-06-06,317496.765891,400149.7295848538,False
2013-06-07,357673.087977,400496.0558508404,False
2013-06-08,466292.699096,400842.38211682707,False
2013-06-09,526804.730256,401188.70838281367,False
2013-06-10,349754.291978,401535.0346488003,False
2013-06-11,283858.2159925,401881.3609147869,False
2013-06-12,320173.5779987,402227.6871807736,False
2013-06-13,282886.9200452,402574.0134467602,False
2013-06-14,326956.74210719997,402920.3397127468,False
2013-06-15,505950.6668701,403266.66597873345,False
2013-06-16,435894.082881,403612.99224472005,False
2013-06-17,370944.271024,403959.3185107067,False
2013-06-18,320885.3399215,404305.6447766933,False
2013-06-19,319235.25797700003,404651.97104268,False
2013-06-20,293877.944015,404998.2973086666,False
2013-06-21,319722.6870265,405344.62357465323,False
2013-06-22,446347.312096,405690.94984063983,False
2013-06-23,504964.845142,406037.2761066265,False
2013-06-24,336631.9640383,406383.6023726131,False
2013-06-25,305119.530064,406729.9286385997,False
2013-06-26,301847.2489636,407076.25490458636,False
2013-06-27,266525.458966,407422.58117057296,False
2013-06-28,324210.971803,407768.9074365596,False
2013-06-29,509379.108146,408115.2337025462,False
2013-06-30,533481.693027,408461.5599685329,False
2013-07-01,441758.3880965,408807.8862345195,False
2013-07-02,390958.38408,409154.2125005061,False
2013-07-03,374551.917949,409500.53876649274,False
2013-07-04,327020.179028,409846.86503247934,False
2013-07-05,351401.500074,410193.191298466,False
2013-07-06,479514.493924,410539.5175644526,False
2013-07-07,500606.073078,410885.84383043926,False
2013-07-08,365452.995017,411232.17009642586,False
2013-07-09,317279.1449993,411578.4963624125,False
2013-07-10,314134.886071,411924.8226283991,False
2013-07-11,281750.931023,412271.1488943858,False
2013-07-12,308786.438133,412617.4751603724,False
2013-07-13,432569.1022205,412963.801426359,False
2013-07-14,438722.417857,413310.12769234565,False
2013-07-15,348803.0469486,413656.45395833225,False
2013-07-16,335516.229006,414002.7802243189,False
2013-07-17,324313.8180255,414349.1064903055,False
2013-07-18,287074.8739522,414695.43275629217,False
2013-07-19,313332.555049,415041.75902227877,False
2013-07-20,435497.731013,415388.08528826537,False
2013-07-21,437952.624049,415734.41155425203,False
2013-07-22,342802.29905,416080.73782023863,False
2013-07-23,316257.463107,416427.0640862253,False
2013-07-24,309243.7899995,416773.3903522119,False
2013-07-25,298074.2249247,417119.71661819855,False
2013-07-26,318745.692921,417466.04288418515,False
2013-07-27,423890.5020012,417812.36915017175,False
2013-07-28,433358.6520873,418158.6954161584,False
2013-07-29,331493.2850525,418505.0216821451,False
2013-07-30,318553.989932,418851.3479481317,False
2013-07-31,357982.979012,419197.6742141183,False
2013-08-01,397555.3181021,419544.00048010494,False
2013-08-02,393831.120007,419890.32674609154,False
2013-08-03,516956.846013,420236.6530120782,False
2013-08-04,514267.27594,420582.9792780648,False
2013-08-05,407033.810946,420929.30554405146,False
2013-08-06,357263.854086,421275.63181003806,False
2013-08-07,351302.132003,421621.95807602466,False
2013-08-08,310953.0239315,421968.2843420113,False
2013-08-09,337521.667868,422314.6106079979,False
2013-08-10,434184.94409,422660.9368739846,False
2013-08-11,434720.3230013,423007.2631399712,False
2013-08-12,349539.224033,423353.58940595784,False
2013-08-13,317103.331061,423699.91567194444,False
2013-08-14,324377.386893,424046.24193793104,False
2013-08-15,311043.17291,424392.5682039177,False
2013-08-16,364487.3218839,424738.89446990436,False
2013-08-17,448835.3109167,425085.22073589097,False
2013-08-18,464053.7730675,425431.54700187757,False
2013-08-19,362085.52696,425777.8732678642,False
2013-08-20,343046.11398,426124.1995338508,False
2013-08-21,335724.643932,426470.5257998375,False
2013-08-22,306473.26098,426816.8520658241,False
2013-08-23,331906.369098,427163.17833181075,False
2013-08-24,420576.154994,427509.50459779735,False
2013-08-25,443694.093754,427855.83086378395,False
2013-08-26,347159.6410143,428202.1571297706,False
2013-08-27,319688.2190185,428548.4833957572,False
2013-08-28,319322.060993,428894.8096617439,False
2013-08-29,294518.685943,429241.1359277305,False
2013-08-30,354932.930947,429587.46219371713,False
2013-08-31,523631.3811059,429933.78845970373,False
2013-09-01,640406.221875,430280.11472569034,False
2013-09-02,458792.960966,430626.440991677,False
2013-09-03,397680.420032,430972.76725766365,False
2013-09-04,392565.48591,431319.09352365026,False
2013-09-05,330622.779063,431665.41978963686,False
2013-09-06,335442.247929,432011.7460556235,False
2013-09-07,518584.247,432358.0723216101,False
2013-09-08,560852.005091,432704.3985875967,False
2013-09-09,377151.7070027,433050.7248535834,False
2013-09-10,308074.4658225,433397.05111957004,False
2013-09-11,323124.61885,433743.37738555664,False
2013-09-12,282855.730937,434089.70365154324,False
2013-09-13,319556.942029,434436.0299175299,False
2013-09-14,476364.004996,434782.3561835165,False
2013-09-15,532852.959041,435128.68244950316,False
2013-09-16,373229.840879,435475.00871548976,False
2013-09-17,327282.949966,435821.3349814764,False
2013-09-18,315687.718926,436167.661247463,False
2013-09-19,279580.372008,436513.9875134496,False
2013-09-20,331846.9039701,436860.3137794363,False
2013-09-21,468298.380896,437206.6400454229,False
2013-09-22,502068.7019007,437552.96631140955,False
2013-09-23,356043.0340047,437899.29257739615,False
2013-09-24,303333.392926,438245.6188433828,False
2013-09-25,312490.104996,438591.9451093694,False
2013-09-26,273057.8798588,438938.271375356,False
2013-09-27,320246.574024,439284.59764134267,False
2013-09-28,484903.6890081,439630.9239073293,False
2013-09-29,522868.441946,439977.25017331593,False
2013-09-30,367068.4500143,440323.57643930253,False
2013-10-01,436441.034076,440669.9027052892,False
2013-10-02,414455.6550375,441016.2289712758,False
2013-10-03,348933.24703,441362.55523726245,False
2013-10-04,378109.978059,441708.88150324905,False
2013-10-05,540156.625057,442055.2077692357,False
2013-10-06,553031.424016,442401.5340352223,False
2013-10-07,373387.109043,442747.8603012089,False
2013-10-08,326726.7240121,443094.1865671956,False
2013-10-09,322529.418957,443440.5128331822,False
2013-10-10,305047.0980576,443786.83909916884,False
2013-10-11,402913.849028,444133.16536515544,False
2013-10-12,426379.6909939,444479.4916311421,False
2013-10-13,481781.2559686,444825.8178971287,False
2013-10-14,342694.7209944,445172.1441631153,False
2013-10-15,305242.569986,445518.47042910196,False
2013-10-16,355696.963943,445864.7966950886,False
2013-10-17,312949.412961,446211.1229610752,False
2013-10-18,323327.873107,446557.4492270618,False
2013-10-19,488245.570001,446903.7754930485,False
2013-10-20,537713.5090483,447250.1017590351,False
2013-10-21,348721.327971,447596.4280250217,False
2013-10-22,301641.7850828,447942.75429100834,False
2013-10-23,323105.11598,448289.080556995,False
2013-10-24,276059.0800025,448635.4068229816,False
2013-10-25,317570.4260338,448981.7330889682,False
2013-10-26,452902.363914,449328.05935495486,False
2013-10-27,512891.4830689,449674.38562094147,False
2013-10-28,346941.91396,450020.7118869281,False
2013-10-29,302332.9969864,450367.0381529147,False
2013-10-30,319494.7050373,450713.3644189014,False
2013-10-31,298195.433106,451059.690684888,False
2013-11-01,403637.232955,451406.0169508746,False
2013-11-02,540615.555037,451752.34321686125,False
2013-11-03,602796.556029,452098.66948284785,False
2013-11-04,424314.167046,452444.9957488345,False
2013-11-05,393322.182909,452791.3220148211,False
2013-11-06,386426.9788195,453137.64828080777,False
2013-11-07,346293.3400477,453483.9745467944,False
2013-11-08,358473.978049,453830.300812781,False
2013-11-09,513850.32307,454176.62707876763,False
2013-11-10,587666.490239,454522.9533447543,False
2013-11-11,374087.890067,454869.2796107409,False
2013-11-12,373277.748034,455215.6058767275,False
2013-11-13,332279.2568851,455561.93214271415,False
2013-11-14,284567.4029707,455908.25840870076,False
2013-11-15,349383.296052,456254.5846746874,False
2013-11-16,524065.5881155,456600.910940674,False
2013-11-17,579209.228924,456947.2372066607,False
2013-11-18,391945.551999,457293.5634726473,False
2013-11-19,329455.2710234,457639.8897386339,False
2013-11-20,354337.734795,457986.21600462054,False
2013-11-21,298047.047965,458332.54227060714,False
2013-11-22,340734.213038,458678.8685365938,False
2013-11-23,485544.298837,459025.1948025804,False
2013-11-24,550925.293106,459371.52106856706,False
2013-11-25,365965.5090102,459717.84733455366,False
2013-11-26,323292.830024,460064.17360054026,False
2013-11-27,337083.286026,460410.4998665269,False
2013-11-28,305982.981947,460756.8261325136,False
2013-11-29,357000.404165,461103.1523985002,False
2013-11-30,541977.655801,461449.4786644868,False
2013-12-01,698217.128989,461795.80493047344,False
2013-12-02,495488.366984,462142.13119646005,False
2013-12-03,424438.046973,462488.4574624467,False
2013-12-04,424147.0459855,462834.7837284333,False
2013-12-05,386406.804985,463181.10999441997,False
2013-12-06,432661.755068,463527.43626040657,False
2013-12-07,537181.319801,463873.76252639317,False
2013-12-08,588855.895921,464220.0887923798,False
2013-12-09,442309.3141075,464566.41505836643,False
2013-12-10,414421.695986,464912.7413243531,False
2013-12-11,422957.198908,465259.0675903397,False
2013-12-12,384256.080979,465605.39385632635,False
2013-12-13,434657.0129787,465951.72012231295,False
2013-12-14,554911.917024,466298.04638829955,False
2013-12-15,642015.7758165,466644.3726542862,False
2013-12-16,516060.290853,466990.6989202729,False
2013-12-17,480470.71684249997,467337.0251862595,False
2013-12-18,527481.336925,467683.3514522461,False
2013-12-19,507461.038187,468029.67771823274,False
2013-12-20,544104.2676365,468376.00398421934,False
2013-12-21,685673.07474,468722.33025020594,False
2013-12-22,696295.146867,469068.6565161926,False
2013-12-23,792865.284427,469414.98278217926,False
2013-12-24,620663.290732,469761.30904816586,False
2013-12-26,470731.1624137,470107.63531415246,False
2013-12-27,479314.968043,470453.9615801391,False
2013-12-28,556952.3059789999,470800.2878461257,False
2013-12-29,499719.5049237,471146.6141121124,False
2013-12-30,635134.7358515,471492.940378099,False
2013-12-31,507264.6630475,471839.26664408564,False
2014-01-01,8602.065404,472185.59291007224,False
2014-01-02,801011.226041,472531.91917605884,False
2014-01-03,680672.845603,472878.2454420455,False
2014-01-04,936628.8866039,473224.5717080321,False
2014-01-05,949618.78894,473570.89797401876,False
2014-01-06,602268.564009,473917.22424000537,False
2014-01-07,563450.5988595,474263.550505992,False
2014-01-08,636176.853478,474609.8767719786,False
2014-01-09,496377.933414,474956.2030379652,False
2014-01-10,543055.329066,475302.5293039519,False
2014-01-11,787321.455619,475648.85556993855,False
2014-01-12,844633.598917,475995.18183592515,False
2014-01-13,555547.0150185,476341.50810191175,False
2014-01-14,502643.104285,476687.8343678984,False
2014-01-15,567067.469069,477034.160633885,False
2014-01-16,502789.214207,477380.4868998716,False
2014-01-17,542937.915657,477726.8131658583,False
2014-01-18,786779.8899055,478073.13943184493,False
2014-01-19,851735.334091,478419.46569783153,False
2014-01-20,575850.061871,478765.79196381813,False
2014-01-21,538817.207912,479112.1182298048,False
2014-01-22,553097.596874,479458.44449579145,False
2014-01-23,460789.0398597,479804.77076177805,False
2014-01-24,526124.572256,480151.09702776466,False
2014-01-25,733880.979053,480497.4232937513,False
2014-01-26,814057.732862,480843.7495597379,False
2014-01-27,540798.833711,481190.0758257245,False
2014-01-28,481593.435798,481536.4020917112,False
2014-01-29,512853.989922,481882.72835769784,False
2014-01-30,453642.9707033,482229.05462368444,False
2014-01-31,560816.192394,482575.38088967104,False
2014-02-01,648870.19898,482921.7071556577,False
2014-02-02,619805.537102,483268.0334216443,False
2014-02-03,461637.5229585,483614.3596876309,False
2014-02-04,403189.5869763,483960.68595361756,False
2014-02-05,399138.3059075,484307.0122196042,False
2014-02-06,359139.101529,484653.3384855908,False
2014-02-07,389471.568011,484999.6647515774,False
2014-02-08,530128.059914,485345.9910175641,False
2014-02-09,520753.7470746,485692.31728355074,False
2014-02-10,396622.737011,486038.6435495373,False
2014-02-11,358382.7339877,486384.96981552395,False
2014-02-12,387758.393971,486731.2960815106,False
2014-02-13,347373.2985675,487077.6223474972,False
2014-02-14,361206.4069057,487423.9486134838,False
2014-02-15,538893.357859,487770.27487947047,False
2014-02-16,595300.23508,488116.6011454571,False
2014-02-17,412029.2879535,488462.9274114437,False
2014-02-18,365331.247942,488809.25367743033,False
2014-02-19,360161.6390075,489155.579943417,False
2014-02-20,322451.9201135,489501.9062094036,False
2014-02-21,369403.653633,489848.2324753902,False
2014-02-22,538206.082827,490194.55874137685,False
2014-02-23,487896.463891,490540.8850073635,False
2014-02-24,404224.188997,490887.2112733501,False
2014-02-25,351418.110084,491233.5375393367,False
2014-02-26,353604.266985,491579.8638053234,False
2014-02-27,330330.185244,491926.19007131,False
2014-02-28,425624.795466,492272.5163372966,False
2014-03-01,911360.2578707,492618.84260328324,False
2014-03-02,667413.052988,492965.1688692699,False
2014-03-03,613973.031386,493311.4951352565,False
2014-03-04,748930.902096,493657.8214012431,False
2014-03-05,741756.416525,494004.14766722976,False
2014-03-06,614082.444339,494350.4739332164,False
2014-03-07,598242.341178,494696.800199203,False
2014-03-08,753345.259201,495043.1264651896,False
2014-03-09,916117.649984,495389.4527311763,False
2014-03-10,587414.828974,495735.7789971629,False
2014-03-11,539365.375063,496082.1052631495,False
2014-03-12,575676.797032,496428.43152913614,False
2014-03-13,473298.042544,496774.7577951228,False
2014-03-14,530515.2554715,497121.0840611094,False
2014-03-15,731049.789851,497467.410327096,False
2014-03-16,929808.492772,497813.73659308266,False
2014-03-17,612719.522118,498160.06285906926,False
2014-03-18,537427.86875,498506.38912505587,False
2014-03-19,585974.657018,498852.7153910425,False
2014-03-20,500897.112641,499199.0416570292,False
2014-03-21,548811.469984,499545.3679230158,False
2014-03-22,771704.933772,499891.6941890024,False
2014-03-23,838814.636064,500238.02045498905,False
2014-03-24,571762.044919,500584.3467209757,False
2014-03-25,539861.6183493,500930.67298696225,False
2014-03-26,569680.543547,501276.9992529489,False
2014-03-27,468581.39830400003,501623.32551893557,False
2014-03-28,538905.781947,501969.6517849222,False
2014-03-29,822333.142686,502315.9780509088,False
2014-03-30,873958.8396415,502662.30431689543,False
2014-03-31,651800.509461,503008.6305828821,False
2014-04-01,485079.887001,503354.9568488687,False
2014-04-02,463917.316107,503701.2831148553,False
2014-04-03,388867.961418,504047.60938084195,False
2014-04-04,422578.745073,504393.93564682856,False
2014-04-05,617680.194045,504740.26191281516,False
2014-04-06,631888.250898,505086.5881788018,False
2014-04-07,426091.1040178,505432.9144447885,False
2014-04-08,376663.272105,505779.2407107751,False
2014-04-09,375309.08201199997,506125.5669767617,False
2014-04-10,334052.7571255,506471.89324274834,False
2014-04-11,379646.845927,506818.219508735,False
2014-04-12,529919.922964,507164.54577472154,False
2014-04-13,540190.281942,507510.8720407082,False
2014-04-14,381386.309033,507857.19830669486,False
2014-04-15,364689.054991,508203.52457268146,False
2014-04-16,411357.084985,508549.85083866806,False
2014-04-17,397464.842904,508896.1771046547,False
2014-04-18,394392.184115,509242.5033706414,False
2014-04-19,496904.749136,509588.829636628,False
2014-04-20,520126.3980386,509935.1559026146,False
2014-04-21,398677.396998,510281.48216860124,False
2014-04-22,370552.249018,510627.80843458785,False
2014-04-23,372232.595049,510974.13470057445,False
2014-04-24,320875.477858,511320.4609665611,False
2014-04-25,357173.708433,511666.78723254777,False
2014-04-26,497334.735036,512013.11349853437,False
2014-04-27,560508.420995,512359.43976452097,False
2014-04-28,362271.9169815,512705.7660305076,False
2014-04-29,326338.348031,513052.09229649423,False
2014-04-30,357079.964912,513398.41856248083,False
2014-05-01,530380.848064,513744.7448284675,False
2014-05-02,443284.891212,514091.07109445415,False
2014-05-03,610391.748971,514437.39736044075,False
2014-05-04,646164.863883,514783.72362642735,False
2014-05-05,427601.704071,515130.049892414,False
2014-05-06,388945.890086,515476.3761584007,False
2014-05-07,391932.183945,515822.7024243873,False
2014-05-08,337483.713217,516169.0286903739,False
2014-05-09,381335.196055,516515.35495636053,False
2014-05-10,577012.026997,516861.68122234714,False
2014-05-11,454512.928937,517208.00748833374,False
2014-05-12,398251.889006,517554.3337543204,False
2014-05-13,360734.522978,517900.66002030706,False
2014-05-14,356373.806985,518246.98628629366,False
2014-05-15,332272.8296378,518593.31255228026,False
2014-05-16,380822.742652,518939.6388182669,False
2014-05-17,537873.964019,519285.9650842535,False
2014-05-18,634519.7368283,519632.2913502401,False
2014-05-19,388814.744958,519978.6176162268,False
2014-05-20,354372.33997,520324.94388221344,False
2014-05-21,356898.483031,520671.27014820004,False
2014-05-22,310660.142642,521017.59641418664,False
2014-05-23,349549.892726,521363.9226801733,False
2014-05-24,516627.261707,521710.24894615996,False
2014-05-25,573412.21016,522056.5752121465,False
2014-05-26,373831.086112,522402.90147813316,False
2014-05-27,327642.143098,522749.2277441198,False
2014-05-28,338481.784057,523095.5540101064,False
2014-05-29,326624.5773325,523441.880276093,False
2014-05-30,375782.6398709,523788.2065420797,False
2014-05-31,597192.467989,524134.53280806635,False
2014-06-01,742732.830236,524480.8590740529,False
2014-06-02,512725.7729758,524827.1853400395,False
2014-06-03,443636.187975,525173.5116060262,False
2014-06-04,423284.494993,525519.8378720128,False
2014-06-05,359474.513823,525866.1641379994,False
2014-06-06,391266.125449,526212.4904039861,False
2014-06-07,557142.461024,526558.8166699727,False
2014-06-08,626026.956957,526905.1429359594,False
2014-06-09,415798.946041,527251.4692019459,False
2014-06-10,351689.4229725,527597.7954679326,False
2014-06-11,373828.16418,527944.1217339193,False
2014-06-12,329408.06736,528290.4479999058,False
2014-06-13,392308.374573,528636.7742658925,False
2014-06-14,622072.988944,528983.1005318791,False
2014-06-15,441279.9339945,529329.4267978657,False
2014-06-16,447450.23987,529675.7530638523,False
2014-06-17,380396.036044,530022.079329839,False
2014-06-18,373408.6641423,530368.4055958256,False
2014-06-19,332280.93509600003,530714.7318618123,False
2014-06-20,369206.789547,531061.0581277988,False
2014-06-21,538613.855166,531407.3843937855,False
2014-06-22,591184.1240535,531753.7106597722,False
2014-06-23,414929.6359765,532100.0369257587,False
2014-06-24,340464.7450455,532446.3631917454,False
2014-06-25,355342.398017,532792.689457732,False
2014-06-26,315798.180924,533139.0157237186,False
2014-06-27,370793.573429,533485.3419897052,False
2014-06-28,510870.81398,533831.6682556919,False
2014-06-29,567218.8850125,534177.9945216784,False
2014-06-30,429324.0552005,534524.3207876651,False
2014-07-01,720480.616788,534870.6470536517,False
2014-07-02,747430.1471275,535216.9733196384,False
2014-07-03,583844.7207922,535563.2995856251,False
2014-07-04,595424.31324,535909.6258516116,False
2014-07-05,817307.1101677,536255.9521175983,False
2014-07-06,918276.596259,536602.2783835849,False
2014-07-07,638526.428909,536948.6046495715,False
2014-07-08,557291.4975265,537294.9309155581,False
2014-07-09,574451.409963,537641.2571815448,False
2014-07-10,498047.54898,537987.5834475313,False
2014-07-11,535644.182793,538333.909713518,False
2014-07-12,756698.7523004999,538680.2359795047,False
2014-07-13,733653.779849,539026.5622454913,False
2014-07-14,584867.15114,539372.888511478,False
2014-07-15,562860.0268329,539719.2147774645,False
2014-07-16,621336.4939885,540065.5410434512,False
2014-07-17,498221.7050971,540411.8673094378,False
2014-07-18,547619.0590519,540758.1935754244,False
2014-07-19,728988.226204,541104.519841411,False
2014-07-20,776474.1180457,541450.8461073977,False
2014-07-21,600228.430008,541797.1723733842,False
2014-07-22,530276.040011,542143.4986393709,False
2014-07-23,574168.635995,542489.8249053576,False
2014-07-24,484618.8170115,542836.1511713442,False
2014-07-25,579767.285128,543182.4774373308,False
2014-07-26,688919.5500267,543528.8037033174,False
2014-07-27,747307.86662,543875.1299693041,False
2014-07-28,583936.68549,544221.4562352907,False
2014-07-29,524743.3250017,544567.7825012773,False
2014-07-30,578056.965281,544914.1087672639,False
2014-07-31,532423.558194,545260.4350332506,False
2014-08-01,506826.7949305,545606.7612992371,False
2014-08-02,626533.637869,545953.0875652238,False
2014-08-03,625898.205888,546299.4138312105,False
2014-08-04,471173.304022,546645.740097197,False
2014-08-05,417197.476176,546992.0663631837,False
2014-08-06,402914.370941,547338.3926291703,False
2014-08-07,359701.53298899997,547684.718895157,False
2014-08-08,397759.9389829,548031.0451611436,False
2014-08-09,496192.787084,548377.3714271302,False
2014-08-10,509681.7650025,548723.6976931168,False
2014-08-11,409544.575013,549070.0239591035,False
2014-08-12,353898.211991,549416.35022509,False
2014-08-13,372116.544964,549762.6764910767,False
2014-08-14,340740.8170565,550109.0027570634,False
2014-08-15,402631.8400593,550455.3290230499,False
2014-08-16,533996.15517,550801.6552890366,False
2014-08-17,564443.173007,551147.9815550232,False
2014-08-18,433042.298907,551494.3078210099,False
2014-08-19,379329.9530773,551840.6340869965,False
2014-08-20,398126.790988,552186.9603529831,False
2014-08-21,355108.8749955,552533.2866189698,False
2014-08-22,388359.8983235,552879.6128849564,False
2014-08-23,499678.208204,553225.939150943,False
2014-08-24,528990.5611087,553572.2654169296,False
2014-08-25,412250.075007,553918.5916829163,False
2014-08-26,355053.9079745,554264.9179489028,False
2014-08-27,366321.498077,554611.2442148895,False
2014-08-28,327912.427,554957.5704808761,False
2014-08-29,403288.917062,555303.8967468627,False
2014-08-30,586373.694132,555650.2230128493,False
2014-08-31,660088.183052,555996.549278836,False
2014-09-01,812526.219024,556342.8755448227,False
2014-09-02,717351.552768,556689.2018108093,False
2014-09-03,726683.8617375,557035.5280767959,False
2014-09-04,551340.0774347,557381.8543427825,False
2014-09-05,603043.241921,557728.1806087692,False
2014-09-06,870139.4459765,558074.5068747557,False
2014-09-07,997964.077948,558420.8331407424,False
2014-09-08,648651.744928,558767.159406729,False
2014-09-09,562420.568002,559113.4856727156,False
2014-09-10,612987.4722337,559459.8119387022,False
2014-09-11,483462.953022,559806.1382046889,False
2014-09-12,564382.847851,560152.4644706756,False
2014-09-13,795802.238124,560498.7907366622,False
2014-09-14,896501.5622945,560845.1170026488,False
2014-09-15,630710.5728885,561191.4432686354,False
2014-09-16,608239.973016,561537.7695346221,False
2014-09-17,617472.3442115,561884.0958006086,False
2014-09-18,479500.843061,562230.4220665953,False
2014-09-19,550213.093909,562576.748332582,False
2014-09-20,808490.763077,562923.0745985685,False
2014-09-21,901420.451004,563269.4008645552,False
2014-09-22,589120.293928,563615.7271305418,False
2014-09-23,559954.304399,563962.0533965285,False
2014-09-24,598183.114508,564308.379662515,False
2014-09-25,466867.377076,564654.7059285017,False
2014-09-26,515474.223943,565001.0321944883,False
2014-09-27,781202.367982,565347.358460475,False
2014-09-28,886531.789814,565693.6847264615,False
2014-09-29,586682.822002,566040.0109924482,False
2014-09-30,599093.9157257,566386.3372584349,False
2014-10-01,784500.253914,566732.6635244214,False
2014-10-02,634306.519052,567078.989790408,False
2014-10-03,675639.295098,567425.3160563947,False
2014-10-04,931317.51302,567771.6423223813,False
2014-10-05,985466.962071,568117.9685883679,False
2014-10-06,641480.757266,568464.2948543546,False
2014-10-07,586410.2709706,568810.6211203412,False
2014-10-08,620201.323059,569156.9473863279,False
2014-10-09,510519.923104,569503.2736523144,False
2014-10-10,702470.317955,569849.5999183011,False
2014-10-11,748309.153739,570195.9261842878,False
2014-10-12,843971.132714,570542.2524502743,False
2014-10-13,611726.926015,570888.578716261,False
2014-10-14,550589.573294,571234.9049822476,False
2014-10-15,624797.469491,571581.2312482342,False
2014-10-16,538252.607117,571927.5575142208,False
2014-10-17,558538.135999,572273.8837802075,False
2014-10-18,820840.970792,572620.2100461941,False
2014-10-19,935410.595877,572966.5363121808,False
2014-10-20,624629.990941,573312.8625781673,False
2014-10-21,542207.165266,573659.188844154,False
2014-10-22,584926.355993,574005.5151101407,False
2014-10-23,492233.2322,574351.8413761272,False
2014-10-24,528403.680064,574698.1676421139,False
2014-10-25,758926.230707,575044.4939081005,False
2014-10-26,892128.498949,575390.8201740871,False
2014-10-27,572806.6319285,575737.1464400737,False
2014-10-28,512678.811505,576083.4727060604,False
2014-10-29,560819.6780005,576429.7989720469,False
2014-10-30,459715.26616,576776.1252380336,False
2014-10-31,561876.0719155,577122.4515040203,False
2014-11-01,873539.2478855,577468.7777700069,False
2014-11-02,709851.4922288,577815.1040359936,False
2014-11-03,973192.041735,578161.4303019801,False
2014-11-04,702751.953595,578507.7565679668,False
2014-11-05,718799.9390395,578854.0828339534,False
2014-11-06,566118.381055,579200.40909994,False
2014-11-07,585330.25773,579546.7353659266,False
2014-11-08,816064.644983,579893.0616319133,False
2014-11-09,941478.422301,580239.3878978998,False
2014-11-10,593376.793073,580585.7141638865,False
2014-11-11,552505.750307,580932.0404298732,False
2014-11-12,588093.484021,581278.3666958598,False
2014-11-13,468057.386823,581624.6929618465,False
2014-11-14,553007.970965,581971.019227833,False
2014-11-15,786124.201177,582317.3454938197,False
2014-11-16,956619.401927,582663.6717598063,False
2014-11-17,620876.340058,583009.9980257929,False
2014-11-18,553367.204141,583356.3242917795,False
2014-11-19,580234.0113007,583702.6505577662,False
2014-11-20,511855.7610447,584048.9768237527,False
2014-11-21,567978.732759,584395.3030897394,False
2014-11-22,763720.148593,584741.6293557261,False
2014-11-23,907432.656994,585087.9556217126,False
2014-11-24,610847.95702,585434.2818876993,False
2014-11-25,541225.608011,585780.6081536859,False
2014-11-26,579125.306002,586126.9344196726,False
2014-11-27,475823.897052,586473.2606856592,False
2014-11-28,559619.825094,586819.5869516458,False
2014-11-29,850925.105136,587165.9132176324,False
2014-11-30,1023691.281592,587512.2394836191,False
2014-12-01,817413.561974,587858.5657496057,False
2014-12-02,735319.1840285,588204.8920155923,False
2014-12-03,715127.614539,588551.218281579,False
2014-12-04,578961.517004,588897.5445475655,False
2014-12-05,635445.153317,589243.8708135522,False
2014-12-06,829386.70612,589590.1970795388,False
2014-12-07,1013889.8074,589936.5233455255,False
2014-12-08,790283.289992,590282.8496115122,False
2014-12-09,665123.962957,590629.1758774987,False
2014-12-10,732121.033873,590975.5021434854,False
2014-12-11,580542.178879,591321.828409472,False
2014-12-12,642760.387245,591668.1546754586,False
2014-12-13,854830.905829,592014.4809414452,False
2014-12-14,999106.1325775,592360.8072074319,False
2014-12-15,790182.945791,592707.1334734184,False
2014-12-16,799067.056179,593053.4597394051,False
2014-12-17,779966.499188,593399.7860053917,False
2014-12-18,731938.479893,593746.1122713784,False
2014-12-19,757349.3758179,594092.438537365,False
2014-12-20,935555.52434,594438.7648033516,False
2014-12-21,1056605.2012285,594785.0910693383,False
2014-12-22,1008143.3460193,595131.4173353249,False
2014-12-23,1064977.9730725,595477.7436013115,False
2014-12-24,965982.871715,595824.0698672981,False
2014-12-26,872098.456795,596170.3961332848,False
2014-12-27,740596.158932,596516.7223992713,False
2014-12-28,716329.635071,596863.048665258,False
2014-12-29,773998.401175,597209.3749312446,False
2014-12-30,912970.533204,597555.7011972312,False
2014-12-31,844380.469674,597902.0274632178,False
2015-01-01,12773.61698,598248.3537292045,False
2015-01-02,657763.391981,598594.6799951912,False
2015-01-03,648880.686926,598941.0062611778,False
2015-01-04,730923.776022,599287.3325271644,False
2015-01-05,569267.29796,599633.658793151,False
2015-01-06,477886.741053,599979.9850591377,False
2015-01-07,494160.850117,600326.3113251242,False
2015-01-08,417482.689131,600672.6375911109,False
2015-01-09,439381.226073,601018.9638570976,False
2015-01-10,569956.90801,601365.2901230841,False
2015-01-11,694860.9511,601711.6163890708,False
2015-01-12,442845.544014,602057.9426550574,False
2015-01-13,393799.993059,602404.2689210441,False
2015-01-14,400923.97107,602750.5951870307,False
2015-01-15,371146.144942,603096.9214530173,False
2015-01-16,423599.9357975,603443.2477190039,False
2015-01-17,621865.434007,603789.5739849906,False
2015-01-18,678277.030991,604135.9002509771,False
2015-01-19,448217.896919,604482.2265169638,False
2015-01-20,405308.77722,604828.5527829505,False
2015-01-21,413202.592067,605174.879048937,False
2015-01-22,364862.5390355,605521.2053149237,False
2015-01-23,416937.181925,605867.5315809103,False
2015-01-24,588849.871003,606213.8578468969,False
2015-01-25,631623.951015,606560.1841128835,False
2015-01-26,410009.617966,606906.5103788702,False
2015-01-27,360009.850046,607252.8366448568,False
2015-01-28,376935.916035,607599.1629108435,False
2015-01-29,343062.160973,607945.48917683,False
2015-01-30,435899.6719165,608291.8154428167,False
2015-01-31,656205.841844,608638.1417088034,False
2015-02-01,815294.475951,608984.4679747899,False
2015-02-02,538301.886974,609330.7942407766,False
2015-02-03,475249.842928,609677.1205067632,False
2015-02-04,451923.147059,610023.4467727498,False
2015-02-05,407491.967944,610369.7730387365,False
2015-02-06,437147.54517,610716.0993047231,False
2015-02-07,599911.594879,611062.4255707096,False
2015-02-08,622994.231951,611408.7518366964,False
2015-02-09,458002.152043,611755.078102683,False
2015-02-10,400825.9849177,612101.4043686696,False
2015-02-11,400115.3330245,612447.7306346563,False
2015-02-12,384963.142969,612794.0569006428,False
2015-02-13,493265.468013,613140.3831666295,False
2015-02-14,562855.068099,613486.7094326161,False
2015-02-15,434886.671834,613833.0356986027,False
2015-02-16,420740.903983,614179.3619645893,False
2015-02-17,483088.13409300003,614525.688230576,False
2015-02-18,497499.057967,614872.0144965625,False
2015-02-19,436360.905914,615218.3407625493,False
2015-02-20,483681.015026,615564.6670285359,False
2015-02-21,572753.075038,615910.9932945225,False
2015-02-22,691339.067796,616257.3195605092,False
2015-02-23,443349.890841,616603.6458264957,False
2015-02-24,407890.277971,616949.9720924824,False
2015-02-25,395774.954032,617296.298358469,False
2015-02-26,354938.226975,617642.6246244556,False
2015-02-27,436488.424914,617988.9508904422,False
2015-02-28,635263.400075,618335.2771564289,False
2015-03-01,820434.978924,618681.6034224154,False
2015-03-02,546037.787999,619027.9296884022,False
2015-03-03,492365.24083,619374.2559543888,False
2015-03-04,483330.548167,619720.5822203753,False
2015-03-05,428599.809059,620066.9084863621,False
2015-03-06,463723.974873,620413.2347523486,False
2015-03-07,657377.210913,620759.5610183353,False
2015-03-08,659563.411966,621105.887284322,False
2015-03-09,480371.950086,621452.2135503085,False
2015-03-10,457881.7640763,621798.5398162951,False
2015-03-11,425617.727075,622144.8660822818,False
2015-03-12,382588.6690535,622491.1923482683,False
2015-03-13,434805.995204,622837.518614255,False
2015-03-14,616609.760896,623183.8448802417,False
2015-03-15,662700.871933,623530.1711462282,False
2015-03-16,466598.425914,623876.497412215,False
2015-03-17,415359.51603,624222.8236782015,False
2015-03-18,398629.999994,624569.1499441882,False
2015-03-19,373324.3829895,624915.4762101748,False
2015-03-20,467687.945081,625261.8024761614,False
2015-03-21,624099.228222,625608.128742148,False
2015-03-22,646466.401887,625954.4550081347,False
2015-03-23,462664.2370045,626300.7812741213,False
2015-03-24,407369.722015,626647.1075401079,False
2015-03-25,408258.189916,626993.4338060946,False
2015-03-26,367006.957001,627339.7600720811,False
2015-03-27,436906.608975,627686.0863380679,False
2015-03-28,589854.7040575,628032.4126040544,False
2015-03-29,641213.770163,628378.7388700411,False
2015-03-30,437878.834978,628725.0651360278,False
2015-03-31,443278.893073,629071.3914020143,False
2015-04-01,557223.161038,629417.717668001,False
2015-04-02,524588.902022,629764.0439339876,False
2015-04-03,510296.785948,630110.3701999742,False
2015-04-04,653894.195903,630456.6964659608,False
2015-04-05,659669.577136,630803.0227319475,False
2015-04-06,519734.816963,631149.348997934,False
2015-04-07,464788.21798,631495.6752639208,False
2015-04-08,461140.213006,631842.0015299073,False
2015-04-09,398718.315935,632188.3277958939,False
2015-04-10,445869.298012,632534.6540618807,False
2015-04-11,610603.017074,632880.9803278672,False
2015-04-12,659939.024086,633227.3065938539,False
2015-04-13,453724.756048,633573.6328598405,False
2015-04-14,403623.396979,633919.9591258271,False
2015-04-15,438106.287965,634266.2853918137,False
2015-04-16,418643.193957,634612.6116578004,False
2015-04-17,456303.236748,634958.9379237869,False
2015-04-18,629155.66071,635305.2641897736,False
2015-04-19,684544.950159,635651.5904557602,False
2015-04-20,481694.770966,635997.9167217468,False
2015-04-21,426018.313035,636344.2429877336,False
2015-04-22,421108.210059,636690.5692537201,False
2015-04-23,392147.042002,637036.8955197068,False
2015-04-24,437625.507963,637383.2217856934,False
2015-04-25,588781.512939,637729.54805168,False
2015-04-26,625901.000988,638075.8743176666,False
2015-04-27,425049.148087,638422.2005836533,False
2015-04-28,374839.1850745,638768.5268496398,False
2015-04-29,398724.330055,639114.8531156265,False
2015-04-30,432612.141938,639461.1793816132,False
2015-05-01,674509.400095,639807.5056475997,False
2015-05-02,711052.273896,640153.8319135865,False
2015-05-03,742887.785029,640500.158179573,False
2015-05-04,556245.147953,640846.4844455596,False
2015-05-05,509493.227021,641192.8107115463,False
2015-05-06,504999.550962,641539.1369775329,False
2015-05-07,444082.309939,641885.4632435195,False
2015-05-08,481304.22297,642231.7895095062,False
2015-05-09,706705.4400759999,642578.1157754927,False
2015-05-10,558062.273048,642924.4420414794,False
2015-05-11,524864.051063,643270.7683074661,False
2015-05-12,452162.874045,643617.0945734526,False
2015-05-13,446915.639008,643963.4208394393,False
2015-05-14,395609.666087,644309.7471054259,False
2015-05-15,483535.538107,644656.0733714125,False
2015-05-16,709798.552994,645002.3996373992,False
2015-05-17,798186.132143,645348.7259033858,False
2015-05-18,496595.01098,645695.0521693724,False
2015-05-19,446375.4880335,646041.3784353591,False
2015-05-20,466238.630977,646387.7047013456,False
2015-05-21,417006.136035,646734.0309673323,False
2015-05-22,458727.917031,647080.357233319,False
2015-05-23,658882.9229615,647426.6834993055,False
2015-05-24,738068.426823,647773.0097652922,False
2015-05-25,534802.790004,648119.3360312788,False
2015-05-26,463132.406006,648465.6622972654,False
2015-05-27,481804.96096,648811.9885632521,False
2015-05-28,428506.881011,649158.3148292387,False
2015-05-29,560519.530038,649504.6410952253,False
2015-05-30,855728.291973,649850.967361212,False
2015-05-31,1023564.76704,650197.2936271986,False
2015-06-01,812081.2027655,650543.6198931852,False
2015-06-02,753430.6418917,650889.9461591719,False
2015-06-03,747929.452075,651236.2724251584,False
2015-06-04,608994.6461083,651582.5986911451,False
2015-06-05,657675.126037,651928.9249571317,False
2015-06-06,904437.271141,652275.2512231183,False
2015-06-07,1070695.9178497,652621.577489105,False
2015-06-08,696952.81204,652967.9037550916,False
2015-06-09,623725.1071692,653314.2300210781,False
2015-06-10,641435.3719983,653660.5562870649,False
2015-06-11,510019.1489275,654006.8825530515,False
2015-06-12,606616.000975,654353.2088190381,False
2015-06-13,840727.775905,654699.5350850248,False
2015-06-14,967745.7218685,655045.8613510113,False
2015-06-15,666557.1317587,655392.187616998,False
2015-06-16,672637.824072,655738.5138829846,False
2015-06-17,677171.157112,656084.8401489712,False
2015-06-18,556155.0391433,656431.1664149578,False
2015-06-19,659233.5706609,656777.4926809445,False
2015-06-20,936951.654373,657123.818946931,False
2015-06-21,790568.421132,657470.1452129178,False
2015-06-22,701208.22895,657816.4714789044,False
2015-06-23,640322.326029,658162.797744891,False
2015-06-24,643411.714061,658509.1240108777,False
2015-06-25,518700.9558973,658855.4502768642,False
2015-06-26,593299.460788,659201.7765428509,False
2015-06-27,831492.4641955,659548.1028088375,False
2015-06-28,976563.5890657,659894.4290748241,False
2015-06-29,639072.192193,660240.7553408107,False
2015-06-30,669548.425059,660587.0816067974,False
2015-07-01,885953.200992,660933.407872784,False
2015-07-02,705642.2820965,661279.7341387707,False
2015-07-03,772773.3939200001,661626.0604047573,False
2015-07-04,1018541.84294,661972.3866707438,False
2015-07-05,982427.6819,662318.7129367306,False
2015-07-06,754949.70914,662665.0392027171,False
2015-07-07,654821.0515315,663011.3654687038,False
2015-07-08,732992.130029,663357.6917346905,False
2015-07-09,605032.4963965,663704.018000677,False
2015-07-10,643986.381178,664050.3442666637,False
2015-07-11,794984.703157,664396.6705326503,False
2015-07-12,898731.936734,664742.9967986369,False
2015-07-13,647967.077874,665089.3230646235,False
2015-07-14,601452.258023,665435.6493306102,False
2015-07-15,664505.1001790001,665781.9755965967,False
2015-07-16,584042.727022,666128.3018625835,False
2015-07-17,653452.17114,666474.62812857,False
2015-07-18,826353.336031,666820.9543945567,False
2015-07-19,894707.299378,667167.2806605434,False
2015-07-20,685961.243972,667513.6069265299,False
2015-07-21,607836.498977,667859.9331925166,False
2015-07-22,631385.408886,668206.2594585032,False
2015-07-23,541511.421067,668552.5857244898,False
2015-07-24,635244.2449785,668898.9119904764,False
2015-07-25,797427.520942,669245.2382564631,False
2015-07-26,875032.0362592,669591.5645224496,False
2015-07-27,652999.1942961001,669937.8907884364,False
2015-07-28,594977.6665523,670284.217054423,False
2015-07-29,625449.98155,670630.5433204096,False
2015-07-30,543393.592625,670976.8695863963,False
2015-07-31,695083.4489723,671323.1958523828,False
2015-08-01,1044894.790061,671669.5221183695,False
2015-08-02,1043495.475018,672015.8483843561,False
2015-08-03,811119.83411,672362.1746503427,False
2015-08-04,726613.35811,672708.5009163293,False
2015-08-05,724346.594,673054.827182316,False
2015-08-06,583375.211759,673401.1534483025,False
2015-08-07,663326.5180703,673747.4797142892,False
2015-08-08,784099.215997,674093.8059802759,False
2015-08-09,679410.125135,674440.1322462624,False
2015-08-10,785477.934216,674786.4585122492,False
2015-08-11,668280.357956,675132.7847782357,False
2015-08-12,678064.7316857,675479.1110442224,False
2015-08-13,557859.477954,675825.437310209,False
2015-08-14,734484.205049,676171.7635761956,False
2015-08-15,936339.026059,676518.0898421822,False
2015-08-16,913846.62503,676864.4161081689,False
2015-08-17,694747.161863,677210.7423741554,False
2015-08-18,629475.6430527,677557.0686401421,False
2015-08-19,653733.3600063,677903.3949061288,False
2015-08-20,569443.704073,678249.7211721153,False
2015-08-21,653281.208151,678596.0474381021,False
2015-08-22,803270.157597,678942.3737040886,False
2015-08-23,865755.397429,679288.6999700753,False
2015-08-24,681575.9899773,679635.0262360619,False
2015-08-25,624698.33755,679981.3525020485,False
2015-08-26,640075.9908365,680327.6787680351,False
2015-08-27,548043.327354,680674.0050340218,False
2015-08-28,635737.2322,681020.3313000083,False
2015-08-29,876953.096934,681366.657565995,False
2015-08-30,975697.601858,681712.9838319817,False
2015-08-31,776152.5521897,682059.3100979682,False
2015-09-01,906549.992952,682405.636363955,False
2015-09-02,879033.0925,682751.9626299415,False
2015-09-03,707093.042,683098.2888959281,False
2015-09-04,736395.302632,683444.6151619148,False
2015-09-05,1052868.394291,683790.9414279014,False
2015-09-06,1147642.583011,684137.267693888,False
2015-09-07,767382.7769737,684483.5939598747,False
2015-09-08,677312.236066,684829.9202258612,False
2015-09-09,705633.4998935,685176.2464918479,False
2015-09-10,577743.795026,685522.5727578346,False
2015-09-11,651330.167952,685868.8990238211,False
2015-09-12,921524.436013,686215.2252898078,False
2015-09-13,1023345.318906,686561.5515557944,False
2015-09-14,688405.190061,686907.877821781,False
2015-09-15,682134.3540295,687254.2040877678,False
2015-09-16,742089.667998,687600.5303537543,False
2015-09-17,593577.802125,687946.856619741,False
2015-09-18,653805.874946,688293.1828857276,False
2015-09-19,935893.481059,688639.5091517142,False
2015-09-20,1037532.860693,688985.8354177008,False
2015-09-21,717725.376959,689332.1616836875,False
2015-09-22,641914.7389995,689678.487949674,False
2015-09-23,690419.721922,690024.8142156607,False
2015-09-24,557321.610921,690371.1404816473,False
2015-09-25,646083.8750635,690717.4667476339,False
2015-09-26,890486.060145,691063.7930136207,False
2015-09-27,1018062.963565,691410.1192796072,False
2015-09-28,671261.0640092,691756.4455455937,False
2015-09-29,609130.6581453,692102.7718115805,False
2015-09-30,711182.539054,692449.0980775671,False
2015-10-01,796340.858947,692795.4243435537,False
2015-10-02,830719.387744,693141.7506095404,False
2015-10-03,1179376.177625,693488.0768755269,False
2015-10-04,1234130.938595,693834.4031415136,False
2015-10-05,809524.837996,694180.7294075002,False
2015-10-06,696169.275967,694527.0556734868,False
2015-10-07,720562.330573,694873.3819394734,False
2015-10-08,603066.030064,695219.7082054601,False
2015-10-09,873934.7190479999,695566.0344714466,False
2015-10-10,867556.973019,695912.3607374334,False
2015-10-11,973329.203973,696258.68700342,False
2015-10-12,721634.5721813,696605.0132694066,False
2015-10-13,585141.5538577,696951.3395353933,False
2015-10-14,688198.106351,697297.6658013798,False
2015-10-15,577952.197162,697643.9920673665,False
2015-10-16,693829.351874,697990.3183333531,False
2015-10-17,958052.958031,698336.6445993397,False
2015-10-18,1071477.102879,698682.9708653264,False
2015-10-19,699259.488037,699029.297131313,False
2015-10-20,660308.361186,699375.6233972996,False
2015-10-21,672847.3460333,699721.9496632863,False
2015-10-22,547020.0469813,700068.2759292729,False
2015-10-23,639040.6062,700414.6021952595,False
2015-10-24,859950.710621,700760.9284612462,False
2015-10-25,1018783.141953,701107.2547272327,False
2015-10-26,649914.352338,701453.5809932194,False
2015-10-27,587066.101075,701799.907259206,False
2015-10-28,599388.1222552,702146.2335251926,False
2015-10-29,511860.0689186,702492.5597911793,False
2015-10-30,635875.8911987,702838.8860571659,False
2015-10-31,915956.851878,703185.2123231525,False
2015-11-01,819250.388037,703531.5385891392,False
2015-11-02,762549.794932,703877.8648551258,False
2015-11-03,1033439.132986,704224.1911211123,False
2015-11-04,855494.43996,704570.5173870991,False
2015-11-05,649662.670907,704916.8436530856,False
2015-11-06,671145.788057,705263.1699190723,False
2015-11-07,929723.344157,705609.496185059,False
2015-11-08,1077361.9559685,705955.8224510455,False
2015-11-09,683644.901987,706302.1487170322,False
2015-11-10,623529.1790699,706648.4749830188,False
2015-11-11,689746.212316,706994.8012490054,False
2015-11-12,506937.6640027,707341.127514992,False
2015-11-13,626674.025055,707687.4537809787,False
2015-11-14,867597.332909,708033.7800469652,False
2015-11-15,1056159.462651,708380.106312952,False
2015-11-16,716508.7092175,708726.4325789385,False
2015-11-17,618919.988059,709072.7588449252,False
2015-11-18,683954.18795,709419.0851109119,False
2015-11-19,560452.567301,709765.4113768984,False
2015-11-20,665619.668251,710111.7376428851,False
2015-11-21,863726.8816559,710458.0639088717,False
2015-11-22,1015844.2849005,710804.3901748583,False
2015-11-23,696685.460932,711150.7164408449,False
2015-11-24,612710.200935,711497.0427068316,False
2015-11-25,658917.83013,711843.3689728181,False
2015-11-26,530358.330027,712189.6952388049,False
2015-11-27,645087.0350447,712536.0215047915,False
2015-11-28,850596.003884,712882.347770778,False
2015-11-29,1070619.802932,713228.6740367648,False
2015-11-30,762036.1239965,713575.0003027513,False
2015-12-01,857620.9426407,713921.326568738,False
2015-12-02,867269.5758400001,714267.6528347246,False
2015-12-03,676883.031992,714613.9791007112,False
2015-12-04,749354.1319635,714960.3053666978,False
2015-12-05,966202.367876,715306.6316326845,False
2015-12-06,1143119.31945,715652.957898671,False
2015-12-07,822334.708983,715999.2841646577,False
2015-12-08,712569.16983,716345.6104306444,False
2015-12-09,747893.782087,716691.9366966309,False
2015-12-10,657427.1785246,717038.2629626177,False
2015-12-11,708392.807819,717384.5892286042,False
2015-12-12,915667.884291,717730.9154945909,False
2015-12-13,1059425.4213405,718077.2417605775,False
2015-12-14,811613.7221567,718423.5680265641,False
2015-12-15,779809.953397,718769.8942925507,False
2015-12-16,859930.249129,719116.2205585374,False
2015-12-17,809809.748717,719462.546824524,False
2015-12-18,893569.902701,719808.8730905106,False
2015-12-19,1095523.5178683,720155.1993564973,False
2015-12-20,1175416.9636673,720501.5256224838,False
2015-12-21,1072887.476889,720847.8518884706,False
2015-12-22,1141861.90926,721194.1781544571,False
2015-12-23,1196146.056374,721540.5044204438,False
2015-12-24,1083680.315238,721886.8306864304,False
2015-12-26,946725.190766,722233.156952417,False
2015-12-27,837714.129168,722579.4832184036,False
2015-12-28,789684.9127821,722925.8094843903,False
2015-12-29,870762.025758,723272.1357503769,False
2015-12-30,1030043.735764,723618.4620163635,False
2015-12-31,964641.5415009999,723964.7882823502,False
2016-01-01,16433.394,724311.1145483367,False
2016-01-02,1066677.424862,724657.4408143235,False
2016-01-03,1226735.719895,725003.76708031,False
2016-01-04,955956.875097,725350.0933462966,False
2016-01-05,835320.439089,725696.4196122834,False
2016-01-06,821685.655923,726042.7458782699,False
2016-01-07,653504.3669428,726389.0721442566,False
2016-01-08,713608.3341557,726735.3984102432,False
2016-01-09,989209.458148,727081.7246762298,False
2016-01-10,1094693.83696,727428.0509422164,False
2016-01-11,705495.240963,727774.3772082031,False
2016-01-12,647058.461085,728120.7034741896,False
2016-01-13,660045.317135,728467.0297401763,False
2016-01-14,561972.62307,728813.3560061629,False
2016-01-15,671027.100027,729159.6822721495,False
2016-01-16,959827.146436,729506.0085381363,False
2016-01-17,1057997.343303,729852.3348041228,False
2016-01-18,709784.229951,730198.6610701095,False
2016-01-19,630929.75099,730544.9873360961,False
2016-01-20,738744.013045,730891.3136020827,False
2016-01-21,552820.7690359,731237.6398680693,False
2016-01-22,648431.428037,731583.966134056,False
2016-01-23,906754.833923,731930.2924000425,False
2016-01-24,980927.7570135,732276.6186660292,False
2016-01-25,658090.687097,732622.9449320158,False
2016-01-26,609465.787904,732969.2711980024,False
2016-01-27,647254.67807,733315.5974639892,False
2016-01-28,533709.8489592,733661.9237299757,False
2016-01-29,660492.758086,734008.2499959623,False
2016-01-30,969938.376831,734354.576261949,False
2016-01-31,1093211.2294,734700.9025279356,False
2016-02-01,872063.3148838,735047.2287939222,False
2016-02-02,765233.207779,735393.5550599089,False
2016-02-03,772360.939004,735739.8813258954,False
2016-02-04,650328.166941,736086.2075918821,False
2016-02-05,768586.5079877,736432.5338578688,False
2016-02-06,941954.07605,736778.8601238553,False
2016-02-07,697791.630994,737125.186389842,False
2016-02-08,636542.677274,737471.5126558286,False
2016-02-09,746939.64016,737817.8389218152,False
2016-02-10,790988.713851,738164.1651878019,False
2016-02-11,646376.371075,738510.4914537885,False
2016-02-12,698152.0698755,738856.8177197751,False
2016-02-13,859023.0269945,739203.1439857618,False
2016-02-14,940214.498527,739549.4702517483,False
2016-02-15,746671.290005,739895.796517735,False
2016-02-16,719111.88609,740242.1227837217,False
2016-02-17,723794.722013,740588.4490497082,False
2016-02-18,570072.678149,740934.7753156949,False
2016-02-19,672510.133621,741281.1015816815,False
2016-02-20,883790.2212395,741627.4278476681,False
2016-02-21,991384.2700283,741973.7541136548,False
2016-02-22,698907.63622,742320.0803796414,False
2016-02-23,641329.0610941,742666.406645628,False
2016-02-24,675573.377814,743012.7329116147,False
2016-02-25,557959.327812,743359.0591776012,False
2016-02-26,641922.8016649,743705.3854435879,False
2016-02-27,916704.0687289999,744051.7117095746,False
2016-02-28,994502.727301,744398.0379755611,False
2016-02-29,726619.7578255,744744.3642415478,False
2016-03-01,897927.643296,745090.6905075344,False
2016-03-02,878452.364907,745437.016773521,False
2016-03-03,671564.7523075,745783.3430395077,False
2016-03-04,747546.7958183,746129.6693054943,False
2016-03-05,1028620.677053,746475.9955714808,False
2016-03-06,1078958.5091855,746822.3218374676,False
2016-03-07,738126.524119,747168.6481034542,False
2016-03-08,642291.3448895,747514.9743694408,False
2016-03-09,694645.8489091,747861.3006354275,False
2016-03-10,572491.856825,748207.626901414,False
2016-03-11,664893.5129268001,748553.9531674007,False
2016-03-12,898101.109871,748900.2794333873,False
2016-03-13,954980.3301475,749246.6056993739,False
2016-03-14,668066.393105,749592.9319653605,False
2016-03-15,668186.702459,749939.2582313472,False
2016-03-16,739805.377693,750285.5844973337,False
2016-03-17,580452.5319757,750631.9107633205,False
2016-03-18,666756.8191527,750978.237029307,False
2016-03-19,895038.512068,751324.5632952937,False
2016-03-20,929605.582019,751670.8895612804,False
2016-03-21,690469.800941,752017.2158272669,False
2016-03-22,622695.8369947,752363.5420932536,False
2016-03-23,714881.17408,752709.8683592402,False
2016-03-24,660489.8450025,753056.1946252268,False
2016-03-25,633524.200062,753402.5208912134,False
2016-03-26,800133.5174955,753748.8471572001,False
2016-03-27,833336.064862,754095.1734231866,False
2016-03-28,661057.8656583,754441.4996891734,False
2016-03-29,621166.0630926,754787.82595516,False
2016-03-30,660138.988943,755134.1522211465,False
2016-03-31,617374.3379607,755480.4784871333,False
2016-04-01,872467.3200749999,755826.8047531198,False
2016-04-02,1150824.580929,756173.1310191065,False
2016-04-03,1266908.291001,756519.4572850931,False
2016-04-04,795237.1920634999,756865.7835510797,False
2016-04-05,725750.101045,757212.1098170663,False
2016-04-06,744784.8430795,757558.436083053,False
2016-04-07,587939.720177,757904.7623490395,False
2016-04-08,689727.1961377,758251.0886150262,False
2016-04-09,927981.389244,758597.4148810129,False
2016-04-10,1008876.737901,758943.7411469994,False
2016-04-11,665348.963943,759290.0674129862,False
2016-04-12,651657.0342615,759636.3936789727,False
2016-04-13,672611.48105,759982.7199449594,False
2016-04-14,546785.2089455,760329.046210946,False
2016-04-15,667606.299867,760675.3724769326,False
2016-04-16,862121.492036,761021.6987429193,False
2016-04-17,1271833.739255,761368.0250089059,False
2016-04-18,1345920.6048929,761714.3512748925,False
2016-04-19,1152089.208085,762060.6775408791,False
2016-04-20,1062426.2900389,762407.0038068658,False
2016-04-21,1001079.779168,762753.3300728523,False
2016-04-22,857059.24399,763099.6563388391,False
2016-04-23,1022143.1346499,763445.9826048256,False
2016-04-24,1039369.932014,763792.3088708123,False
2016-04-25,680000.753839,764138.635136799,False
2016-04-26,704799.4182328,764484.9614027855,False
2016-04-27,670288.098041,764831.2876687722,False
2016-04-28,543339.849013,765177.6139347588,False
2016-04-29,708711.428894,765523.9402007454,False
2016-04-30,1067335.770093,765870.266466732,False
2016-05-01,1270121.20756,766216.5927327187,False
2016-05-02,973985.670432,766562.9189987052,False
2016-05-03,792205.5501393,766909.2452646919,False
2016-05-04,798654.4540987,767255.5715306785,False
2016-05-05,648701.6029645,767601.8977966651,False
2016-05-06,761422.5161262,767948.2240626519,False
2016-05-07,1071192.776983,768294.5503286384,False
2016-05-08,820824.6380683,768640.8765946251,False
2016-05-09,771767.6541339,768987.2028606117,False
2016-05-10,693010.486981,769333.5291265983,False
2016-05-11,727543.4630335,769679.8553925849,False
2016-05-12,603394.2070997,770026.1816585716,False
2016-05-13,666833.8999414,770372.5079245581,False
2016-05-14,932869.5212631,770718.8341905448,False
2016-05-15,1070331.66738,771065.1604565314,False
2016-05-16,748112.686851,771411.486722518,False
2016-05-17,661930.83884,771757.8129885048,False
2016-05-18,671232.9593407,772104.1392544913,False
2016-05-19,581470.5602065,772450.465520478,False
2016-05-20,706024.0579254,772796.7917864646,False
2016-05-21,910757.16309,773143.1180524512,False
2016-05-22,1030671.62292,773489.4443184378,False
2016-05-23,695004.681298,773835.7705844245,False
2016-05-24,606377.2052165,774182.096850411,False
2016-05-25,637512.038734,774528.4231163977,False
2016-05-26,571968.623123,774874.7493823844,False
2016-05-27,852689.219312,775221.0756483709,False
2016-05-28,816187.2200643,775567.4019143577,False
2016-05-29,959853.658039,775913.7281803442,False
2016-05-30,752452.419172,776260.0544463308,False
2016-05-31,974327.9898907,776606.3807123175,False
2016-06-01,811525.320315,776952.7069783041,False
2016-06-02,694535.9356793,777299.0332442907,False
2016-06-03,742363.085208,777645.3595102774,False
2016-06-04,1011996.61607,777991.6857762639,False
2016-06-05,1123734.4361,778338.0120422506,False
2016-06-06,729894.222866,778684.3383082373,False
2016-06-07,658714.653306,779030.6645742238,False
2016-06-08,696747.5498651,779376.9908402105,False
2016-06-09,547139.6129411,779723.3171061971,False
2016-06-10,637354.31962,780069.6433721837,False
2016-06-11,845838.2061645,780415.9696381704,False
2016-06-12,947479.764963,780762.295904157,False
2016-06-13,685382.193062,781108.6221701436,False
2016-06-14,622267.7731045,781454.9484361303,False
2016-06-15,708327.6370845,781801.2747021168,False
2016-06-16,620526.243001,782147.6009681035,False
2016-06-17,737897.438279,782493.9272340902,False
2016-06-18,972971.109711,782840.2535000767,False
2016-06-19,837363.023871,783186.5797660634,False
2016-06-20,735754.3648971,783532.90603205,False
2016-06-21,679248.0220203,783879.2322980366,False
2016-06-22,677730.6512057,784225.5585640233,False
2016-06-23,559653.337429,784571.8848300099,False
2016-06-24,641812.675912,784918.2110959964,False
2016-06-25,860296.8349625,785264.5373619832,False
2016-06-26,954344.666933,785610.8636279698,False
2016-06-27,684735.608995,785957.1898939564,False
2016-06-28,596948.934953,786303.5161599431,False
2016-06-29,632489.476942,786649.8424259296,False
2016-06-30,554144.864923,786996.1686919163,False
2016-07-01,857027.5539605,787342.4949579029,False
2016-07-02,1078485.141848,787688.8212238895,False
2016-07-03,1126713.707945,788035.1474898761,False
2016-07-04,850891.598845,788381.4737558628,False
2016-07-05,728011.558041,788727.8000218493,False
2016-07-06,752110.940641,789074.1262878361,False
2016-07-07,591702.7820185,789420.4525538227,False
2016-07-08,688563.400224,789766.7788198093,False
2016-07-09,868259.9708787,790113.105085796,False
2016-07-10,932486.3001359,790459.4313517825,False
2016-07-11,688436.1450485,790805.7576177692,False
2016-07-12,627039.780111,791152.0838837558,False
2016-07-13,642494.4024465,791498.4101497424,False
2016-07-14,535124.328126,791844.736415729,False
2016-07-15,675032.4290353,792191.0626817157,False
2016-07-16,887192.885063,792537.3889477022,False
2016-07-17,932586.6967328,792883.715213689,False
2016-07-18,702619.751022,793230.0414796756,False
2016-07-19,633176.2922806,793576.3677456622,False
2016-07-20,686848.847004,793922.6940116489,False
2016-07-21,578823.6890245,794269.0202776354,False
2016-07-22,646633.655341,794615.3465436221,False
2016-07-23,822292.472006,794961.6728096087,False
2016-07-24,847867.677942,795307.9990755953,False
2016-07-25,697383.602092,795654.325341582,False
2016-07-26,622771.923903,796000.6516075686,False
2016-07-27,651121.9849837,796346.9778735552,False
2016-07-28,533256.2493581,796693.3041395419,False
2016-07-29,669585.8378729,797039.6304055285,False
2016-07-30,910213.871959,797385.956671515,False
2016-07-31,997916.9572141,797732.2829375018,False
2016-08-01,895580.405053,798078.6092034883,False
2016-08-02,777592.8388893,798424.935469475,False
2016-08-03,779844.8100532,798771.2617354617,False
2016-08-04,622883.098161,799117.5880014482,False
2016-08-05,704092.7391311,799463.9142674349,False
2016-08-06,858903.2119025,799810.2405334215,False
2016-08-07,904321.436838,800156.566799408,False
2016-08-08,715195.5388238,800502.8930653947,False
2016-08-09,635538.981035,800849.2193313814,False
2016-08-10,658457.436112,801195.5455973679,False
2016-08-11,596729.279945,801541.8718633547,False
2016-08-12,745662.5051491,801888.1981293412,False
2016-08-13,714905.9190669,802234.5243953279,False
2016-08-14,761826.1289779,802580.8506613146,False
2016-08-15,720032.299881,802927.1769273011,False
2016-08-16,718671.651353,803273.5031932878,False
2016-08-17,725945.703034,803619.8294592744,False
2016-08-18,577350.5209386,803966.155725261,False
2016-08-19,678767.115815,804312.4819912476,False
2016-08-20,828986.33584,804658.8082572343,False
2016-08-21,901870.149939,805005.1345232208,False
2016-08-22,714866.233843,805351.4607892076,False
2016-08-23,660819.9779755,805697.7870551941,False
2016-08-24,674613.0479498,806044.1133211807,False
2016-08-25,554421.529139,806390.4395871675,False
2016-08-26,646698.272887,806736.765853154,False
2016-08-27,791047.534486,807083.0921191407,False
2016-08-28,858802.419759,807429.4183851273,False
2016-08-29,671845.736816,807775.7446511139,False
2016-08-30,624711.335056,808122.0709171005,False
2016-08-31,731430.1240452,808468.3971830872,False
2016-09-01,718105.570925,808814.7234490737,False
2016-09-02,837129.587642,809161.0497150604,False
2016-09-03,1057581.210918,809507.375981047,False
2016-09-04,1109985.857533,809853.7022470336,False
2016-09-05,813763.2950235,810200.0285130204,False
2016-09-06,751583.025072,810546.3547790069,False
2016-09-07,738543.916999,810892.6810449936,False
2016-09-08,595849.2986095,811239.0073109802,False
2016-09-09,658969.026968,811585.3335769668,False
2016-09-10,915938.559049,811931.6598429534,False
2016-09-11,1017369.2242663,812277.9861089401,False
2016-09-12,678776.4591265,812624.3123749266,False
2016-09-13,603427.946974,812970.6386409133,False
2016-09-14,624262.071976,813316.9649069,False
2016-09-15,568324.812986,813663.2911728865,False
2016-09-16,691912.601466,814009.6174388733,False
2016-09-17,899219.297508,814355.9437048598,False
2016-09-18,1018662.657394,814702.2699708465,False
2016-09-19,681159.341976,815048.5962368331,False
2016-09-20,650980.3219717001,815394.9225028197,False
2016-09-21,666928.400013,815741.2487688063,False
2016-09-22,533276.332017,816087.575034793,False
2016-09-23,663685.9846653,816433.9013007795,False
2016-09-24,861830.389997,816780.2275667662,False
2016-09-25,952352.5509251,817126.5538327529,False
2016-09-26,664217.4402937,817472.8800987394,False
2016-09-27,587908.3278165,817819.2063647262,False
2016-09-28,631761.1750463,818165.5326307127,False
2016-09-29,520744.9210333,818511.8588966993,False
2016-09-30,703198.490806,818858.185162686,False
2016-10-01,1175033.65823,819204.5114286726,False
2016-10-02,1256480.1709663,819550.8376946592,False
2016-10-03,833060.55889,819897.1639606459,False
2016-10-04,724113.096039,820243.4902266324,False
2016-10-05,749712.3000211,820589.8164926191,False
2016-10-06,581429.340158,820936.1427586058,False
2016-10-07,797612.239327,821282.4690245923,False
2016-10-08,932551.706831,821628.795290579,False
2016-10-09,1088251.479908,821975.1215565656,False
2016-10-10,725312.8469015,822321.4478225522,False
2016-10-11,625271.993952,822667.774088539,False
2016-10-12,665126.077693,823014.1003545255,False
2016-10-13,558859.8909975,823360.4266205122,False
2016-10-14,667954.207226,823706.7528864988,False
2016-10-15,890613.591114,824053.0791524854,False
2016-10-16,1104504.6882152,824399.405418472,False
2016-10-17,710456.4240015,824745.7316844587,False
2016-10-18,630638.592023,825092.0579504452,False
2016-10-19,647823.468973,825438.3842164319,False
2016-10-20,583001.280078,825784.7104824185,False
2016-10-21,669453.5420583,826131.0367484051,False
2016-10-22,843626.415914,826477.3630143919,False
2016-10-23,1022953.689959,826823.6892803784,False
2016-10-24,668507.6451983,827170.015546365,False
2016-10-25,610590.8979547,827516.3418123517,False
2016-10-26,633413.8905697,827862.6680783383,False
2016-10-27,544361.4798829,828208.9943443249,False
2016-10-28,638838.252231,828555.3206103116,False
2016-10-29,841074.6969995,828901.6468762981,False
2016-10-30,954838.191008,829247.9731422848,False
2016-10-31,654923.5029715,829594.2994082714,False
2016-11-01,811832.445984,829940.625674258,False
2016-11-02,969033.618953,830286.9519402446,False
2016-11-03,793811.6841115,830633.2782062313,False
2016-11-04,858468.216477,830979.6044722178,False
2016-11-05,887751.298669,831325.9307382046,False
2016-11-06,1140367.104134,831672.2570041912,False
2016-11-07,849451.0429045,832018.5832701778,False
2016-11-08,767439.628434,832364.9095361645,False
2016-11-09,790276.839009,832711.235802151,False
2016-11-10,588241.7590247,833057.5620681377,False
2016-11-11,713396.4541223,833403.8883341243,False
2016-11-12,929802.771943,833750.2146001109,False
2016-11-13,1188982.232398,834096.5408660976,False
2016-11-14,735723.172977,834442.8671320842,False
2016-11-15,691801.6290437999,834789.1933980708,False
2016-11-16,830431.7415873,835135.5196640575,False
2016-11-17,615228.2560159,835481.8459300441,False
2016-11-18,738265.552222,835828.1721960307,False
2016-11-19,935656.0010137,836174.4984620174,False
2016-11-20,1125178.987911,836520.8247280039,False
2016-11-21,773762.280859,836867.1509939906,False
2016-11-22,690281.251004,837213.4772599773,False
2016-11-23,753685.041456,837559.8035259638,False
2016-11-24,595457.3062203,837906.1297919505,False
2016-11-25,737819.484836,838252.4560579371,False
2016-11-26,908066.823384,838598.7823239237,False
2016-11-27,1056721.5920875,838945.1085899104,False
2016-11-28,752583.7680527,839291.434855897,False
2016-11-29,645760.5082353,839637.7611218835,False
2016-11-30,767361.704324,839984.0873878703,False
2016-12-01,843603.315088,840330.4136538568,False
2016-12-02,853454.930795,840676.7399198435,False
2016-12-03,1113440.567059,841023.0661858302,False
2016-12-04,1276195.0362097,841369.3924518167,False
2016-12-05,896824.938971,841715.7187178034,False
2016-12-06,932546.385931,842062.04498379,False
2016-12-07,867653.7351403,842408.3712497766,False
2016-12-08,674077.382905,842754.6975157632,False
2016-12-09,774941.923982,843101.0237817499,False
2016-12-10,920050.745917,843447.3500477364,False
2016-12-11,1119324.243986,843793.6763137232,False
2016-12-12,844251.703802,844140.0025797097,False
2016-12-13,747161.615593,844486.3288456964,False
2016-12-14,829763.2190675,844832.6551116831,False
2016-12-15,747641.1828753001,845178.9813776696,False
2016-12-16,918899.786306,845525.3076436563,False
2016-12-17,1071655.6282493,845871.6339096429,False
2016-12-18,1260471.9085900001,846217.9601756295,False
2016-12-19,1028242.8227987,846564.2864416161,False
2016-12-20,1080402.388032,846910.6127076028,False
2016-12-21,1181307.3270735,847256.9389735893,False
2016-12-22,1135849.391084,847603.2652395761,False
2016-12-23,1282145.5171351,847949.5915055627,False
2016-12-24,1246837.8430543,848295.9177715492,False
2016-12-26,1032770.748898,848642.244037536,False
2016-12-27,842475.490118,848988.5703035225,False
2016-12-28,951533.7138481,849334.8965695092,False
2016-12-29,894108.236835,849681.2228354958,False
2016-12-30,1163643.0379923,850027.5491014824,False
2016-12-31,1109012.812049,850373.875367469,False
2017-01-01,12082.500997,850720.2016334557,False
2017-01-02,1402306.370834,851066.5278994422,False
2017-01-03,1104377.0798245,851412.8541654289,False
2017-01-04,990093.463742,851759.1804314156,False
2017-01-05,777620.9540695,852105.5066974021,False
2017-01-06,839600.237989,852451.8329633889,False
2017-01-07,1103806.298949,852798.1592293754,False
2017-01-08,1192543.750978,853144.4854953621,False
2017-01-09,793724.8969065,853490.8117613487,False
2017-01-10,742635.5692609,853837.1380273353,False
2017-01-11,770742.690065,854183.464293322,False
2017-01-12,629635.794004,854529.7905593086,False
2017-01-13,768898.9443882,854876.1168252951,False
2017-01-14,1021050.536226,855222.4430912818,False
2017-01-15,1175725.165838,855568.7693572685,False
2017-01-16,824488.666175,855915.095623255,False
2017-01-17,750836.542952,856261.4218892418,False
2017-01-18,782656.0246723,856607.7481552283,False
2017-01-19,606949.7448793,856954.074421215,False
2017-01-20,725703.6910875,857300.4006872016,False
2017-01-21,1072721.724905,857646.7269531882,False
2017-01-22,1148214.358454,857993.0532191748,False
2017-01-23,798133.612125,858339.3794851615,False
2017-01-24,721275.774781,858685.705751148,False
2017-01-25,744342.5929227,859032.0320171347,False
2017-01-26,576515.5369877,859378.3582831214,False
2017-01-27,722113.958837,859724.6845491079,False
2017-01-28,977850.40585,860071.0108150946,False
2017-01-29,1075166.993043,860417.3370810812,False
2017-01-30,698123.768037,860763.6633470678,False
2017-01-31,778222.285925,861109.9896130546,False
2017-02-01,961777.382874,861456.3158790411,False
2017-02-02,748882.732615,861802.6421450278,False
2017-02-03,834667.1519293,862148.9684110144,False
2017-02-04,1132788.541413,862495.294677001,False
2017-02-05,1151987.631095,862841.6209429876,False
2017-02-06,786672.394181,863187.9472089743,False
2017-02-07,739431.213302,863534.2734749608,False
2017-02-08,783605.377185,863880.5997409475,False
2017-02-09,624387.487899,864226.9260069341,False
2017-02-10,752207.2398545,864573.2522729207,False
2017-02-11,944924.65301,864919.5785389075,False
2017-02-12,1074820.900014,865265.904804894,False
2017-02-13,794314.4320675,865612.2310708807,False
2017-02-14,642613.187069,865958.5573368673,False
2017-02-15,745780.355084,866304.8836028539,False
2017-02-16,645968.2570671,866651.2098688405,False
2017-02-17,758855.71279,866997.5361348272,False
2017-02-18,1063394.844003,867343.8624008137,False
2017-02-19,858897.1230135,867690.1886668004,False
2017-02-20,759120.0599607,868036.514932787,False
2017-02-21,717807.6770255,868382.8411987736,False
2017-02-22,739388.0344027,868729.1674647604,False
2017-02-23,675578.500156,869075.4937307469,False
2017-02-24,816197.498952,869421.8199967335,False
2017-02-25,1026011.2228075,869768.1462627202,False
2017-02-26,775708.987978,870114.4725287068,False
2017-02-27,744956.948138,870460.7987946934,False
2017-02-28,949366.8290505,870807.1250606801,False
2017-03-01,1008521.709962,871153.4513266666,False
2017-03-02,836225.179072,871499.7775926533,False
2017-03-03,882639.776274,871846.10385864,False
2017-03-04,1125736.3470592,872192.4301246265,False
2017-03-05,1196983.690104,872538.7563906132,False
2017-03-06,790143.2410905,872885.0826565998,False
2017-03-07,761866.729975,873231.4089225865,False
2017-03-08,781046.6619577,873577.735188573,False
2017-03-09,653901.1919827,873924.0614545597,False
2017-03-10,773855.30685,874270.3877205463,False
2017-03-11,1001174.4340065,874616.713986533,False
2017-03-12,1146006.826973,874963.0402525195,False
2017-03-13,754390.380036,875309.3665185062,False
2017-03-14,700998.0346447,875655.6927844929,False
2017-03-15,815621.887369,876002.0190504794,False
2017-03-16,699108.166824,876348.3453164661,False
2017-03-17,812306.77427,876694.6715824527,False
2017-03-18,1038906.566154,877040.9978484394,False
2017-03-19,1157140.638587,877387.3241144259,False
2017-03-20,826428.90991,877733.6503804126,False
2017-03-21,746620.926177,878079.9766463992,False
2017-03-22,767880.804934,878426.3029123858,False
2017-03-23,670848.010029,878772.6291783724,False
2017-03-24,787914.125515,879118.9554443591,False
2017-03-25,1038139.316887,879465.2817103458,False
2017-03-26,1101557.476706,879811.6079763323,False
2017-03-27,784103.265042,880157.934242319,False
2017-03-28,702943.9485770001,880504.2605083056,False
2017-03-29,824632.985033,880850.5867742923,False
2017-03-30,637624.340998,881196.9130402788,False
2017-03-31,878750.03788,881543.2393062655,False
2017-04-01,1463083.962459,881889.5655722521,False
2017-04-02,1138650.058898,882235.8918382387,False
2017-04-03,835191.622029,882582.2181042254,False
2017-04-04,835602.6360017,882928.544370212,False
2017-04-05,846631.307907,883274.8706361987,False
2017-04-06,683059.570103,883621.1969021852,False
2017-04-07,765502.211925,883967.5231681719,False
2017-04-08,988591.469958,884313.8494341585,False
2017-04-09,1101713.657101,884660.1757001451,False
2017-04-10,739392.130988,885006.5019661317,False
2017-04-11,741331.430196,885352.8282321184,False
2017-04-12,791762.312883,885699.154498105,False
2017-04-13,737029.565183,886045.4807640916,False
2017-04-14,740889.486829,886391.8070300783,False
2017-04-15,898610.217928,886738.1332960649,False
2017-04-16,985493.795113,887084.4595620516,False
2017-04-17,775916.9059055,887430.7858280381,False
2017-04-18,717196.315762,887777.1120940248,False
2017-04-19,735733.2142477001,888123.4383600114,False
2017-04-20,675804.0219027,888469.764625998,False
2017-04-21,795795.893872,888816.0908919846,False
2017-04-22,974952.817869,889162.4171579713,False
2017-04-23,1140070.2748035,889508.743423958,False
2017-04-24,755072.530945,889855.0696899445,False
2017-04-25,718996.080637,890201.3959559312,False
2017-04-26,781159.2829995,890547.7222219178,False
2017-04-27,624910.0260955,890894.0484879044,False
2017-04-28,797636.6251025,891240.374753891,False
2017-04-29,1068279.815941,891586.7010198777,False
2017-04-30,1041249.2479705,891933.0272858643,False
2017-05-01,1306699.366897,892279.3535518509,False
2017-05-02,907324.094113,892625.6798178375,False
2017-05-03,924247.257204,892972.0060838242,False
2017-05-04,716654.608983,893318.3323498107,False
2017-05-05,780798.407016,893664.6586157974,False
2017-05-06,1039417.861868,894010.9848817841,False
2017-05-07,1227380.607924,894357.3111477707,False
2017-05-08,776307.495015,894703.6374137573,False
2017-05-09,715811.198881,895049.9636797439,False
2017-05-10,766101.907094,895396.2899457306,False
2017-05-11,648650.413039,895742.6162117172,False
2017-05-12,764812.415784,896088.9424777038,False
2017-05-13,1116976.891153,896435.2687436905,False
2017-05-14,884199.9138385,896781.5950096771,False
2017-05-15,823035.572122,897127.9212756637,False
2017-05-16,807803.8950783,897474.2475416503,False
2017-05-17,841407.607944,897820.573807637,False
2017-05-18,628487.989962,898166.9000736236,False
2017-05-19,773775.4378677,898513.2263396102,False
2017-05-20,1035667.381833,898859.5526055968,False
2017-05-21,1201938.886229,899205.8788715835,False
2017-05-22,778935.156126,899552.20513757,False
2017-05-23,723151.767982,899898.5314035567,False
2017-05-24,746303.6271255,900244.8576695434,False
2017-05-25,620108.24391,900591.18393553,False
2017-05-26,984511.1521135,900937.5102015166,False
2017-05-27,932219.893144,901283.8364675032,False
2017-05-28,1061771.636907,901630.1627334899,False
2017-05-29,776813.137038,901976.4889994765,False
2017-05-30,742471.2769905,902322.8152654631,False
2017-05-31,858062.149411,902669.1415314497,False
2017-06-01,766859.172845,903015.4677974364,False
2017-06-02,918421.319125,903361.794063423,False
2017-06-03,1176138.109152,903708.1203294096,False
2017-06-04,1376511.520495,904054.4465953963,False
2017-06-05,912693.8511,904400.7728613829,False
2017-06-06,805546.647956,904747.0991273695,False
2017-06-07,842979.8370823,905093.4253933561,False
2017-06-08,667099.801025,905439.7516593428,False
2017-06-09,795116.1360699,905786.0779253293,False
2017-06-10,993732.684049,906132.404191316,False
2017-06-11,1213673.946877,906478.7304573026,False
2017-06-12,768349.7589517,906825.0567232893,False
2017-06-13,729412.959849,907171.3829892759,False
2017-06-14,785885.9088963,907517.7092552625,False
2017-06-15,660338.346974,907864.0355212492,False
2017-06-16,834786.4275550001,908210.3617872357,False
2017-06-17,1096133.5508865,908556.6880532224,False
2017-06-18,965144.121179,908903.014319209,False
2017-06-19,791146.393731,909249.3405851957,False
2017-06-20,787326.7170395,909595.6668511822,False
2017-06-21,766159.0112892,909941.9931171689,False
2017-06-22,609868.8309586,910288.3193831556,False
2017-06-23,761049.7450639,910634.6456491422,False
2017-06-24,963268.227135,910980.9719151288,False
2017-06-25,1092610.858614,911327.2981811154,False
2017-06-26,755367.8450665,911673.6244471021,False
2017-06-27,682218.468913,912019.9507130886,False
2017-06-28,731896.9850105,912366.2769790753,False
2017-06-29,630811.802872,912712.6032450619,False
2017-06-30,802273.1392327,913058.9295110486,False
2017-07-01,1207529.921868,913405.2557770351,False
2017-07-02,1296379.2175535,913751.5820430218,False
2017-07-03,925143.408816,914097.9083090085,False
2017-07-04,832359.2860137,914444.234574995,False
2017-07-05,844301.613116,914790.5608409817,False
2017-07-06,700272.0099567,915136.8871069683,False
2017-07-07,805792.302193,915483.213372955,False
2017-07-08,998347.1930085,915829.5396389415,False
2017-07-09,1100833.322376,916175.8659049282,False
2017-07-10,804158.8610365,916522.1921709148,False
2017-07-11,730534.767701,916868.5184369015,False
2017-07-12,748799.9959087,917214.844702888,False
2017-07-13,629651.3629294999,917561.1709688747,False
2017-07-14,765489.6173932999,917907.4972348614,False
2017-07-15,969077.125075,918253.8235008479,False
2017-07-16,1100803.699023,918600.1497668346,False
2017-07-17,818325.522149,918946.4760328212,False
2017-07-18,730133.70894,919292.8022988079,False
2017-07-19,767978.778078,919639.1285647944,False
2017-07-20,688288.067857,919985.4548307811,False
2017-07-21,782418.2992188,920331.7810967678,False
2017-07-22,932902.046681,920678.1073627543,False
2017-07-23,1024288.741245,921024.433628741,False
2017-07-24,816564.327096,921370.7598947276,False
2017-07-25,713581.632609,921717.0861607143,False
2017-07-26,740653.044167,922063.4124267008,False
2017-07-27,659849.8270588,922409.7386926875,False
2017-07-28,835099.6822035,922756.0649586741,False
2017-07-29,1032310.865737,923102.3912246608,False
2017-07-30,1123752.4779517,923448.7174906473,False
2017-07-31,885856.8408705,923795.043756634,False
2017-08-01,988527.763204,924141.3700226207,False
2017-08-02,964712.016051,924487.6962886072,False
2017-08-03,728068.485132,924834.0225545939,False
2017-08-04,827775.686128,925180.3488205805,False
2017-08-05,965693.650492,925526.6750865672,False
2017-08-06,1049559.164277,925873.0013525537,False
2017-08-07,797464.963817,926219.3276185404,False
2017-08-08,717766.3491055,926565.653884527,False
2017-08-09,734139.67401,926911.9801505136,False
2017-08-10,651386.9119697,927258.3064165002,False
2017-08-11,826373.722022,927604.6326824869,False
2017-08-12,792630.5350785,927950.9589484736,False
2017-08-13,865639.677471,928297.2852144601,False
2017-08-14,760922.4060808,928643.6114804468,False
2017-08-15,762661.935939,928989.9377464334,False
2017-08-16,,929336.26401242,True
2017-08-17,,929682.5902784066,True
2017-08-18,,930028.9165443933,True
2017-08-19,,930375.24281038,True
2017-08-20,,930721.5690763665,True
2017-08-21,,931067.8953423531,True
2017-08-22,,931414.2216083398,True
2017-08-23,,931760.5478743265,True
2017-08-24,,932106.874140313,True
2017-08-25,,932453.2004062997,True
2017-08-26,,932799.5266722863,True
2017-08-27,,933145.8529382729,True
2017-08-28,,933492.1792042595,True
2017-08-29,,933838.5054702462,True
2017-08-30,,934184.8317362329,True
2017-08-31,,934531.1580022194,True
2017-09-01,,934877.484268206,True
2017-09-02,,935223.8105341927,True
2017-09-03,,935570.1368001793,True
2017-09-04,,935916.4630661659,True
2017-09-05,,936262.7893321526,True
2017-09-06,,936609.1155981392,True
2017-09-07,,936955.4418641258,True
2017-09-08,,937301.7681301124,True
2017-09-09,,937648.0943960991,True
2017-09-10,,937994.4206620858,True
2017-09-11,,938340.7469280723,True
2017-09-12,,938687.073194059,True
2017-09-13,,939033.3994600456,True
2017-09-14,,939379.7257260322,True
